timestamp,message
1602636692339,"Sending data to the server."
1602636850765,"Sending data to the server."
1602636984864,"Sending data to the server."
1602637187494,"Sending data to the server."
1602637238687,"Sending data to the server."
1602637270847,"Sending data to the server."
1602637335167,"Sending data to the server."
1602637644127,"Sending data to the server."
1602637720048,"Sending data to the server."
1602638052125,"Sending data to the server."
1602638160608,"Sending data to the server."
1602638327895,"Sending data to the server."
1602638460289,"Sending data to the server."
1602638792207,"Sending data to the server."
1602638843966,"Sending data to the server."
1602638934463,"Sending data to the server."
1602639132125,"Sending data to the server."
1602639250861,"Sending data to the server."
1602639389900,"Connecting to cellular network."
1602639607375,"Sending data to the server."
1602639647607,"Connecting to cellular network."
1602639866285,"Sending data to the server."
1602639899086,"Connecting to cellular network."
1602640149806,"Sending data to the server."
1602643311569,"Connecting to cellular network."
1602643507245,"Sending data to the server."
1602643564860,"Connecting to cellular network."
1602643787565,"Sending data to the server."
1602643972605,"Connecting to cellular network."
1602644329885,"Sending data to the server."
1602644669729,"Reading sensors."
1602644815414,"Reading sensors."
1602645083165,"Sending data to the server."
1602645730685,"Reading sensors."
1602646004851,"Sending data to the server."
1602685393168,"Reading sensors."
1602685764768,"Sending data to the server."
1602687171988,"Reading sensors."
1602687677489,"Sending data to the server."
1602688087727,"Reading sensors."
1602688264128,"Reading sensors."
1602688791089,"Sending data to the server."
1602689201329,"Reading sensors."
1602689869568,"Sending data to the server."
1602690726447,"Reading sensors."
1602691184128,"Sending data to the server."
1602691594927,"Reading sensors."
1602691766928,"Sending data to the server."
1602692177167,"Reading sensors."
1602692235489,"Sending data to the server."
1602692645808,"Reading sensors."
1602692705808,"Sending data to the server."
1602693114767,"Reading sensors."
1602693176128,"Sending data to the server."
1602693586368,"Reading sensors."
1602693648448,"Sending data to the server."
1602694058687,"Reading sensors."
1602694119568,"Sending data to the server."
1602694529808,"Reading sensors."
1602694589013,"Sending data to the server."
1602694999407,"Reading sensors."
1602695059808,"Sending data to the server."
1602695470048,"Reading sensors."
1602695530689,"Sending data to the server."
1602695940927,"Reading sensors."
1602696001728,"Sending data to the server."
1602696411967,"Reading sensors."
1602696473168,"Sending data to the server."
1602696883647,"Reading sensors."
1602697222208,"Sending data to the server."
1602697631813,"Reading sensors."
1602697694160,"Sending data to the server."
1602698104770,"Reading sensors."
1602698164302,"Sending data to the server."
1602698577195,"Reading sensors."
1602699451644,"Sending data to the server."
1602699863011,"Reading sensors."
1602699923573,"Sending data to the server."
1602700333824,"Reading sensors."
1602700758373,"Sending data to the server."
1602701169650,"Reading sensors."
1602701309086,"Sending data to the server."
1602701719811,"Reading sensors."
1602701837013,"Sending data to the server."
1602702247098,"Reading sensors."
1602702460130,"Sending data to the server."
1602702870450,"Reading sensors."
1602702973952,"Sending data to the server."
1602703383045,"Reading sensors."
1602703522528,"Sending data to the server."
1602703932779,"Reading sensors."
1602704087265,"Sending data to the server."
1602704497515,"Reading sensors."
1602704607835,"Sending data to the server."
1602705018178,"Reading sensors."
1602705096705,"Sending data to the server."
1602705506932,"Reading sensors."
1602705640526,"Sending data to the server."
1602706050767,"Reading sensors."
1602706207566,"Sending data to the server."
1602706617926,"Reading sensors."
1602707185415,"Sending data to the server."
1602707595568,"Reading sensors."
1602707656447,"Sending data to the server."
1602708066686,"Reading sensors."
1602708128069,"Sending data to the server."
1602708538205,"Reading sensors."
1602708598768,"Sending data to the server."
1602709008845,"Reading sensors."
1602709068418,"Sending data to the server."
1602709478708,"Reading sensors."
1602709540787,"Sending data to the server."
1602709950850,"Reading sensors."
1602710018846,"Sending data to the server."
1602710428926,"Reading sensors."
1602710486526,"Sending data to the server."
1602710896946,"Reading sensors."
1602710954579,"Sending data to the server."
1602711364606,"Reading sensors."
1602711449165,"Sending data to the server."
1602711859416,"Reading sensors."
1602712093009,"Sending data to the server."
1602712503245,"Reading sensors."
1602712747246,"Sending data to the server."
1602713157405,"Reading sensors."
1602713409455,"Sending data to the server."
1602713819807,"Reading sensors."
1602714047971,"Sending data to the server."
1602714458637,"Reading sensors."
1602714639571,"Sending data to the server."
1602715049645,"Reading sensors."
1602715393012,"Sending data to the server."
1602715804206,"Reading sensors."
1602716090972,"Sending data to the server."
1602716503909,"Reading sensors."
1602716825009,"Sending data to the server."
1602717233897,"Reading sensors."
1602717530540,"Sending data to the server."
1602717940926,"Reading sensors."
1602718634134,"Sending data to the server."
1602719044366,"Reading sensors."
1602719528365,"Sending data to the server."
1602719938605,"Reading sensors."
1602720407405,"Sending data to the server."
1602720817765,"Reading sensors."
1602721459485,"Sending data to the server."
1602721869567,"Reading sensors."
1602722610450,"Sending data to the server."
1602723020685,"Reading sensors."
1602723480289,"Sending data to the server."
1602723890527,"Reading sensors."
1602724614608,"Sending data to the server."
1602725024766,"Reading sensors."
1602725435725,"Sending data to the server."
1602725845815,"Reading sensors."
1602726185486,"Sending data to the server."
1602726595725,"Reading sensors."
1602726827436,"Sending data to the server."
1602727237646,"Reading sensors."
1602727451966,"Sending data to the server."
1602727862208,"Reading sensors."
1602728065885,"Sending data to the server."
1602728476213,"Reading sensors."
1602728686943,"Sending data to the server."
1602729097024,"Reading sensors."
1602729308765,"Sending data to the server."
1602729719012,"Reading sensors."
1602729933648,"Sending data to the server."
1602730343885,"Reading sensors."
1602730560685,"Sending data to the server."
1602730815965,"Reading sensors."
1602731059885,"Sending data to the server."
1602731470125,"Reading sensors."
1602731700313,"Sending data to the server."
1602732110530,"Reading sensors."
1602732331486,"Sending data to the server."
1602732741726,"Reading sensors."
1602733042293,"Sending data to the server."
1602733453729,"Reading sensors."
1602733675731,"Sending data to the server."
1602734085810,"Reading sensors."
1602734362371,"Sending data to the server."
1602734750211,"Reading sensors."
1602735016369,"Sending data to the server."
1602735342716,"Reading sensors."
1602735707330,"Sending data to the server."
1602736032373,"Reading sensors."
1602736273330,"Sending data to the server."
1602736598450,"Reading sensors."
1602736821569,"Sending data to the server."
1602737146637,"Reading sensors."
1602737397646,"Sending data to the server."
1602737722766,"Reading sensors."
1602737968613,"Sending data to the server."
1602738293646,"Reading sensors."
1602738529165,"Sending data to the server."
1602738854289,"Reading sensors."
1602739117885,"Sending data to the server."
1602739443009,"Reading sensors."
1602739626366,"Sending data to the server."
1602739951405,"Reading sensors."
1602740261166,"Sending data to the server."
1602740586285,"Reading sensors."
1602740741405,"Sending data to the server."
1602741066526,"Reading sensors."
1602741368925,"Sending data to the server."
1602741692767,"Reading sensors."
1602742103566,"Sending data to the server."
1602742428685,"Reading sensors."
1602742727565,"Sending data to the server."
1602743052685,"Reading sensors."
1602743341325,"Sending data to the server."
1602743666445,"Reading sensors."
1602743935725,"Sending data to the server."
1602744262045,"Reading sensors."
1602744728845,"Sending data to the server."
1602745087886,"Reading sensors."
1602745295645,"Sending data to the server."
1602745620687,"Reading sensors."
1602746002926,"Sending data to the server."
1602746328045,"Reading sensors."
1602746541009,"Sending data to the server."
1602746900044,"Reading sensors."
1602747280525,"Sending data to the server."
1602747605565,"Reading sensors."
1602748037566,"Sending data to the server."
1602748362688,"Reading sensors."
1602748790366,"Sending data to the server."
1602749115485,"Reading sensors."
1602749443405,"Sending data to the server."
1602749768445,"Reading sensors."
1602750039084,"Sending data to the server."
1602750364125,"Reading sensors."
1602750841485,"Sending data to the server."
1602751166529,"Reading sensors."
1602751475485,"Sending data to the server."
1602751800606,"Reading sensors."
1602752172845,"Sending data to the server."
1602752497965,"Reading sensors."
1602752813085,"Sending data to the server."
1602753138209,"Reading sensors."
1602753640285,"Sending data to the server."
1602753965324,"Reading sensors."
1602754319885,"Sending data to the server."
1602754645009,"Reading sensors."
1602754969885,"Sending data to the server."
1602755321008,"Reading sensors."
1602755594205,"Sending data to the server."
1602755919333,"Reading sensors."
1602756397405,"Sending data to the server."
1602756742445,"Reading sensors."
1602757065244,"Sending data to the server."
1602757390285,"Reading sensors."
1602757715725,"Sending data to the server."
1602758040845,"Reading sensors."
1602758293086,"Sending data to the server."
1602758618206,"Reading sensors."
1602759139807,"Sending data to the server."
1602759464846,"Reading sensors."
1602759770447,"Sending data to the server."
1602760095486,"Reading sensors."
1602760375565,"Sending data to the server."
1602760700687,"Reading sensors."
1602761005411,"Sending data to the server."
1602761330525,"Reading sensors."
1602761679491,"Sending data to the server."
1602762004607,"Reading sensors."
1602762343507,"Sending data to the server."
1602762668689,"Reading sensors."
1602763043889,"Sending data to the server."
1602763369166,"Reading sensors."
1602763653245,"Sending data to the server."
1602763978365,"Reading sensors."
1602764373885,"Sending data to the server."
1602764697885,"Reading sensors."
1602765065645,"Sending data to the server."
1602765390765,"Reading sensors."
1602765617965,"Sending data to the server."
1602765943085,"Reading sensors."
1602766202052,"Sending data to the server."
1602766527185,"Reading sensors."
1602766787885,"Sending data to the server."
1602767113009,"Reading sensors."
1602767486285,"Sending data to the server."
1602767811407,"Reading sensors."
1602768171169,"Sending data to the server."
1602768496206,"Reading sensors."
1602768807342,"Sending data to the server."
1602769132366,"Reading sensors."
1602769480622,"Sending data to the server."
1602769805727,"Reading sensors."
1602770154445,"Sending data to the server."
1602770479495,"Reading sensors."
1602770709649,"Sending data to the server."
1602771034772,"Reading sensors."
1602771352690,"Sending data to the server."
1602771677912,"Reading sensors."
1602771835847,"Sending data to the server."
1602772160774,"Reading sensors."
1602772326214,"Sending data to the server."
1602772651407,"Reading sensors."
1602772819262,"Sending data to the server."
1602773144365,"Reading sensors."
1602773522445,"Sending data to the server."
1602773847490,"Reading sensors."
1602774024629,"Sending data to the server."
1602774349805,"Reading sensors."
1602774528845,"Sending data to the server."
1602882632125,"Reading sensors."
1602882839168,"Sending data to the server."
1602883249603,"Reading sensors."
1602883544221,"Sending data to the server."
1602883954543,"Reading sensors."
1602884181435,"Sending data to the server."
1602884591727,"Reading sensors."
1602884920132,"Sending data to the server."
1602885330449,"Reading sensors."
1602885666605,"Sending data to the server."
1602886076947,"Reading sensors."
1602886540707,"Sending data to the server."
1602886950925,"Reading sensors."
1602887412133,"Sending data to the server."
1602887822372,"Reading sensors."
1602888228465,"Sending data to the server."
1602888638766,"Reading sensors."
1602889021572,"Sending data to the server."
1602889432205,"Reading sensors."
1602889965327,"Sending data to the server."
1602890375565,"Reading sensors."
1602890839166,"Sending data to the server."
1602891249437,"Reading sensors."
1602891477103,"Sending data to the server."
1602891885971,"Reading sensors."
1602892266218,"Sending data to the server."
1602892676531,"Reading sensors."
1602892889982,"Sending data to the server."
1602893300134,"Reading sensors."
1602893761087,"Sending data to the server."
1602894171326,"Reading sensors."
1602894623166,"Sending data to the server."
1602895033405,"Reading sensors."
1602895527253,"Sending data to the server."
1602895937325,"Reading sensors."
1602896291406,"Sending data to the server."
1602896701647,"Reading sensors."
1602897082845,"Sending data to the server."
1602897493115,"Reading sensors."
1602897843968,"Sending data to the server."
1602898254053,"Reading sensors."
1602898692849,"Sending data to the server."
1602899103087,"Reading sensors."
1602899474045,"Sending data to the server."
1602899884125,"Reading sensors."
1602900550942,"Sending data to the server."
1602900961165,"Reading sensors."
1602901202125,"Sending data to the server."
1602901612205,"Reading sensors."
1602901992045,"Sending data to the server."
1602902402205,"Reading sensors."
1602902851565,"Sending data to the server."
1602903261805,"Reading sensors."
1602903440685,"Sending data to the server."
1602903850940,"Reading sensors."
1602904032689,"Sending data to the server."
1602904442845,"Reading sensors."
1602904701085,"Sending data to the server."
1602954562458,"Sending data to the server."
1602955041325,"Sending data to the server."
1602955322327,"Sending data to the server."
1602956016927,"Sending data to the server."
1602956702687,"Sending data to the server."
1602957427411,"Sending data to the server."
1602957933325,"Sending data to the server."
1602958438786,"Sending data to the server."
1602959027845,"Sending data to the server."
1602959731735,"Sending data to the server."
1602960370866,"Sending data to the server."
1602961084359,"Sending data to the server."
1602961683924,"Sending data to the server."
1602962361679,"Sending data to the server."
1602962961047,"Sending data to the server."
1602963571732,"Sending data to the server."
1602964230387,"Sending data to the server."
1602964868850,"Sending data to the server."
1602965420715,"Sending data to the server."
1602966005103,"Sending data to the server."
1602966580786,"Sending data to the server."
1602967219019,"Sending data to the server."
1602967848145,"Sending data to the server."
1602968462236,"Sending data to the server."
1602969047325,"Sending data to the server."
1602969610449,"Sending data to the server."
1602970267921,"Sending data to the server."
1602970872305,"Sending data to the server."
1602971638610,"Sending data to the server."
1602972344365,"Sending data to the server."
1602973028344,"Sending data to the server."
1602973780403,"Sending data to the server."
1602974570866,"Sending data to the server."
1602975383918,"Sending data to the server."
1602976094624,"Sending data to the server."
1602977099104,"Sending data to the server."
1602977953010,"Sending data to the server."
1602978639510,"Sending data to the server."
1602979379214,"Sending data to the server."
1602980081535,"Sending data to the server."
1602980978144,"Sending data to the server."
1602981733598,"Sending data to the server."
1602982565185,"Sending data to the server."
1602983508864,"Sending data to the server."
1602984708452,"Sending data to the server."
1602985805456,"Sending data to the server."
1602986900392,"Sending data to the server."
1602987964065,"Sending data to the server."
1602988838224,"Sending data to the server."
1602989710632,"Sending data to the server."
1602990414306,"Sending data to the server."
1602991311334,"Sending data to the server."
1602992125590,"Sending data to the server."
1602993062625,"Sending data to the server."
1602993964467,"Sending data to the server."
1602995007344,"Sending data to the server."
1602996023186,"Sending data to the server."
1602997736706,"Sending data to the server."
1602998511026,"Sending data to the server."
1602999459589,"Sending data to the server."
1603000286930,"Sending data to the server."
1603001182789,"Sending data to the server."
1603002170689,"Sending data to the server."
1603003314785,"Sending data to the server."
1603004523349,"Sending data to the server."
1603005466385,"Sending data to the server."
1603006626870,"Sending data to the server."
1603007409909,"Sending data to the server."
1603008411337,"Sending data to the server."
1603009135984,"Sending data to the server."
1603009924629,"Sending data to the server."
1603010785425,"Sending data to the server."
1603011798225,"Sending data to the server."
1603012572226,"Sending data to the server."
1603013453429,"Sending data to the server."
1603014290450,"Sending data to the server."
1603015428225,"Sending data to the server."
1603016350786,"Sending data to the server."
1603017425590,"Sending data to the server."
1603018144537,"Sending data to the server."
1603019086690,"Sending data to the server."
1603019987270,"Sending data to the server."
1603020881345,"Sending data to the server."
1603021611679,"Sending data to the server."
1603022543419,"Sending data to the server."
1603023325104,"Sending data to the server."
1603024481018,"Sending data to the server."
1603025447104,"Sending data to the server."
1603026346853,"Sending data to the server."
1603027390938,"Sending data to the server."
1603028180463,"Sending data to the server."
1603028889889,"Sending data to the server."
1603029515489,"Sending data to the server."
1603030203024,"Sending data to the server."
1603030881346,"Sending data to the server."
1603031538386,"Sending data to the server."
1603032172630,"Sending data to the server."
1603032854685,"Sending data to the server."
1603033480230,"Sending data to the server."
1603034304788,"Sending data to the server."
1603035390532,"Sending data to the server."
1603036216880,"Sending data to the server."
1603036911265,"Sending data to the server."
1603037479569,"Sending data to the server."
1603038211183,"Sending data to the server."
1603038827250,"Sending data to the server."
1603039416148,"Sending data to the server."
1603039973729,"Sending data to the server."
1603040548907,"Sending data to the server."
1603041117650,"Sending data to the server."
1603041736216,"Sending data to the server."
1603042378539,"Sending data to the server."
1603043007584,"Sending data to the server."
1603043603025,"Sending data to the server."
1603044189177,"Sending data to the server."
1603044874050,"Sending data to the server."
1603045449282,"Sending data to the server."
1603045972750,"Sending data to the server."
1603046507447,"Sending data to the server."
1603047206938,"Sending data to the server."
1603047765245,"Sending data to the server."
1603048422447,"Sending data to the server."
1603049015646,"Sending data to the server."
1603049652454,"Sending data to the server."
1603050196845,"Sending data to the server."
1603050693098,"Sending data to the server."
1603051248210,"Sending data to the server."
1603051781407,"Sending data to the server."
1603052271405,"Sending data to the server."
1603052862128,"Sending data to the server."
1603053426301,"Sending data to the server."
1603053937035,"Sending data to the server."
1603054448925,"Sending data to the server."
1603055011887,"Sending data to the server."
1603055593254,"Sending data to the server."
1603056141885,"Sending data to the server."
1603056703566,"Sending data to the server."
1603057356845,"Sending data to the server."
1603057966925,"Sending data to the server."
1603058808366,"Sending data to the server."
1603059418609,"Sending data to the server."
1603060067751,"Sending data to the server."
1603060685276,"Sending data to the server."
1603061305405,"Sending data to the server."
1603061966694,"Sending data to the server."
1603062617414,"Sending data to the server."
1603063328525,"Sending data to the server."
1603063955085,"Sending data to the server."
1603064546378,"Sending data to the server."
1603065046605,"Sending data to the server."
1603065599368,"Sending data to the server."
1603066103966,"Sending data to the server."
1603066650047,"Sending data to the server."
1603067209965,"Sending data to the server."
1603067757593,"Sending data to the server."
1603068327805,"Sending data to the server."
1603068875485,"Sending data to the server."
1603069375575,"Sending data to the server."
1603070011413,"Sending data to the server."
1603070608927,"Sending data to the server."
1603071232286,"Sending data to the server."
1603071789085,"Sending data to the server."
1603072303485,"Sending data to the server."
1603072833486,"Sending data to the server."
1603073391165,"Sending data to the server."
1603073892045,"Sending data to the server."
1603074425405,"Sending data to the server."
1603074884685,"Sending data to the server."
1603075382845,"Sending data to the server."
1603075898045,"Sending data to the server."
1603076482765,"Sending data to the server."
1603077007009,"Sending data to the server."
1603077577965,"Sending data to the server."
1603078107885,"Sending data to the server."
1603078682765,"Sending data to the server."
1603079278125,"Sending data to the server."
1603079880765,"Sending data to the server."
1603080464054,"Sending data to the server."
1603080985246,"Sending data to the server."
1603081550365,"Sending data to the server."
1603082091885,"Sending data to the server."
1603082628045,"Sending data to the server."
1603083151973,"Sending data to the server."
1603083692045,"Sending data to the server."
1603084224125,"Sending data to the server."
1603084780605,"Sending data to the server."
1603085331485,"Sending data to the server."
1603085952765,"Sending data to the server."
1603086507325,"Sending data to the server."
1603086991486,"Sending data to the server."
1603087581009,"Sending data to the server."
1603088136767,"Sending data to the server."
1603088682367,"Sending data to the server."
1603089257885,"Sending data to the server."
1603089769565,"Sending data to the server."
1603090425725,"Sending data to the server."
1603090988765,"Sending data to the server."
1603091535009,"Sending data to the server."
1603092086866,"Sending data to the server."
1603092625570,"Sending data to the server."
1603093166525,"Sending data to the server."
1603093720685,"Sending data to the server."
1603094211009,"Sending data to the server."
1603094812605,"Sending data to the server."
1603095371165,"Sending data to the server."
1603095972525,"Sending data to the server."
1603096507805,"Sending data to the server."
1603097061889,"Sending data to the server."
1603097608309,"Sending data to the server."
1603098161325,"Sending data to the server."
1603098707645,"Sending data to the server."
1603099253245,"Sending data to the server."
1603099820285,"Sending data to the server."
1603100423725,"Sending data to the server."
1603100988294,"Sending data to the server."
1603101589342,"Sending data to the server."
1603102174045,"Sending data to the server."
1603102721965,"Sending data to the server."
1603103416447,"Sending data to the server."
1603104203009,"Sending data to the server."
1603104904540,"Sending data to the server."
1603105643885,"Sending data to the server."
1603106321645,"Sending data to the server."
1603107026054,"Sending data to the server."
1603107601414,"Sending data to the server."
1603108301725,"Sending data to the server."
1603109007327,"Sending data to the server."
1603109614285,"Sending data to the server."
1603110253645,"Sending data to the server."
1603110986527,"Sending data to the server."
1603111685576,"Sending data to the server."
1603112428309,"Sending data to the server."
1603113044767,"Sending data to the server."
1603113661485,"Sending data to the server."
1603114239807,"Sending data to the server."
1603114802547,"Sending data to the server."
1603115512052,"Sending data to the server."
1603116143811,"Sending data to the server."
1603116715184,"Sending data to the server."
1603117286605,"Sending data to the server."
1603117823245,"Sending data to the server."
1603118339361,"Sending data to the server."
1603118905351,"Sending data to the server."
1603119470778,"Sending data to the server."
1603120079016,"Sending data to the server."
1603120622525,"Sending data to the server."
1603121184127,"Sending data to the server."
1603121750685,"Sending data to the server."
1603122322537,"Sending data to the server."
1603122922065,"Sending data to the server."
1603123482525,"Sending data to the server."
1603124077178,"Sending data to the server."
1603124606035,"Sending data to the server."
1603125145778,"Sending data to the server."
1603125814949,"Sending data to the server."
1603126456702,"Sending data to the server."
1603127062608,"Sending data to the server."
1603127675842,"Sending data to the server."
1603128291574,"Sending data to the server."
1603128927584,"Sending data to the server."
1603129413980,"Sending data to the server."
1603129946018,"Sending data to the server."
1603130452388,"Sending data to the server."
1603130956290,"Sending data to the server."
1603131609651,"Sending data to the server."
1603132075818,"Sending data to the server."
1603132601249,"Sending data to the server."
1603133260781,"Sending data to the server."
1603133963566,"Sending data to the server."
1603134639986,"Sending data to the server."
1603135248748,"Sending data to the server."
1603135876852,"Sending data to the server."
1603136502915,"Sending data to the server."
1603137112260,"Sending data to the server."
1603137753933,"Sending data to the server."
1603138343331,"Sending data to the server."
1603138910183,"Sending data to the server."
1603139446925,"Sending data to the server."
1603139990447,"Sending data to the server."
1603140540617,"Sending data to the server."
1603141083493,"Sending data to the server."
1603141644529,"Sending data to the server."
1603142236765,"Sending data to the server."
1603142797566,"Sending data to the server."
1603143301485,"Sending data to the server."
1603143825425,"Sending data to the server."
1603144382925,"Sending data to the server."
1603144951729,"Sending data to the server."
1603145458288,"Sending data to the server."
1603145983335,"Sending data to the server."
1603146520045,"Sending data to the server."
1603147088367,"Sending data to the server."
1603147646606,"Sending data to the server."
1603148208210,"Sending data to the server."
1603148716686,"Sending data to the server."
1603149257087,"Sending data to the server."
1603149806103,"Sending data to the server."
1603150367165,"Sending data to the server."
1603150891405,"Sending data to the server."
1603151446846,"Sending data to the server."
1603151980939,"Sending data to the server."
1603152547013,"Sending data to the server."
1603153076926,"Sending data to the server."
1603153609259,"Sending data to the server."
1603154183290,"Sending data to the server."
1603154720153,"Sending data to the server."
1603155237485,"Sending data to the server."
1603155808287,"Sending data to the server."
1603156360764,"Sending data to the server."
1603156906926,"Sending data to the server."
1603157507165,"Sending data to the server."
1603158134370,"Sending data to the server."
1603158665019,"Sending data to the server."
1603159258847,"Sending data to the server."
1603159816045,"Sending data to the server."
1603160454124,"Sending data to the server."
1603161111806,"Sending data to the server."
1603161774285,"Sending data to the server."
1603162502368,"Sending data to the server."
1603163281494,"Sending data to the server."
1603163905246,"Sending data to the server."
1603164563965,"Sending data to the server."
1603165142525,"Sending data to the server."
1603165685406,"Sending data to the server."
1603166254607,"Sending data to the server."
1603166886045,"Sending data to the server."
1603167532126,"Sending data to the server."
1603168200125,"Sending data to the server."
1603168836846,"Sending data to the server."
1603169397725,"Sending data to the server."
1603170021645,"Sending data to the server."
1603170662685,"Sending data to the server."
1603171255805,"Sending data to the server."
1603171862925,"Sending data to the server."
1603172564205,"Sending data to the server."
1603173173405,"Sending data to the server."
1603173734940,"Sending data to the server."
1603174350366,"Sending data to the server."
1603174897726,"Sending data to the server."
1603175630127,"Sending data to the server."
1603176236525,"Sending data to the server."
1603176855805,"Sending data to the server."
1603177363325,"Sending data to the server."
1603177880125,"Sending data to the server."
1603178824205,"Sending data to the server."
1603179853165,"Sending data to the server."
1603180515565,"Sending data to the server."
1603181133405,"Sending data to the server."
1603181697009,"Sending data to the server."
1603182293724,"Sending data to the server."
1603182883654,"Sending data to the server."
1603183452445,"Sending data to the server."
1603184002284,"Sending data to the server."
1603184517325,"Sending data to the server."
1603185092524,"Sending data to the server."
1603185614845,"Sending data to the server."
1603186142205,"Sending data to the server."
1603186682205,"Sending data to the server."
1603187277725,"Sending data to the server."
1603187865009,"Sending data to the server."
1603188417565,"Sending data to the server."
1603188940365,"Sending data to the server."
1603189458045,"Sending data to the server."
1603190003251,"Sending data to the server."
1603190524605,"Sending data to the server."
1603191053020,"Sending data to the server."
1603191584924,"Sending data to the server."
1603192113165,"Sending data to the server."
1603192663739,"Sending data to the server."
1603193236045,"Sending data to the server."
1603193786227,"Sending data to the server."
1603194299965,"Sending data to the server."
1603194916127,"Sending data to the server."
1603195457891,"Sending data to the server."
1603195993171,"Sending data to the server."
1603196644446,"Sending data to the server."
1603197160127,"Sending data to the server."
1603197768685,"Sending data to the server."
1603198396765,"Sending data to the server."
1603199086018,"Sending data to the server."
1603199631078,"Sending data to the server."
1603200126067,"Sending data to the server."
1603200690291,"Sending data to the server."
1603201278925,"Sending data to the server."
1603201828934,"Sending data to the server."
1603202334205,"Sending data to the server."
1603202829165,"Sending data to the server."
1603203376928,"Sending data to the server."
1603203892365,"Sending data to the server."
1603204464608,"Sending data to the server."
1603205026573,"Sending data to the server."
1603205487279,"Sending data to the server."
1603205967590,"Sending data to the server."
1603206456783,"Sending data to the server."
1603206904045,"Sending data to the server."
1603207319943,"Sending data to the server."
1603207776784,"Sending data to the server."
1603208182402,"Sending data to the server."
1603208637894,"Sending data to the server."
1603209029966,"Sending data to the server."
1603209459086,"Sending data to the server."
1603209901645,"Sending data to the server."
1603210308146,"Sending data to the server."
1603210815749,"Sending data to the server."
1603211324065,"Sending data to the server."
1603211910694,"Sending data to the server."
1603212606650,"Sending data to the server."
1603213156009,"Sending data to the server."
1603213784866,"Sending data to the server."
1603214310766,"Sending data to the server."
1603214824694,"Sending data to the server."
1603215378045,"Sending data to the server."
1603215922619,"Sending data to the server."
1603216447921,"Sending data to the server."
1603217023922,"Sending data to the server."
1603217574159,"Sending data to the server."
1603218115573,"Sending data to the server."
1603218643892,"Sending data to the server."
1603219170462,"Sending data to the server."
1603219778316,"Sending data to the server."
1603220283085,"Sending data to the server."
1603220743732,"Sending data to the server."
1603221195971,"Sending data to the server."
1603221622787,"Sending data to the server."
1603222021681,"Sending data to the server."
1603222402786,"Sending data to the server."
1603222786125,"Sending data to the server."
1603223167178,"Sending data to the server."
1603223549380,"Sending data to the server."
1603223939268,"Sending data to the server."
1603224320446,"Sending data to the server."
1603224707485,"Sending data to the server."
1603225096525,"Sending data to the server."
1603225523645,"Sending data to the server."
1603225965251,"Sending data to the server."
1603226522366,"Sending data to the server."
1603227129888,"Sending data to the server."
1603227705591,"Sending data to the server."
1603228258882,"Sending data to the server."
1603228767325,"Sending data to the server."
1603229283726,"Sending data to the server."
1603229836605,"Sending data to the server."
1603230418453,"Sending data to the server."
1603230946881,"Sending data to the server."
1603231485247,"Sending data to the server."
1603232023345,"Sending data to the server."
1603232556125,"Sending data to the server."
1603233122860,"Sending data to the server."
1603233664445,"Sending data to the server."
1603234196445,"Sending data to the server."
1603234714285,"Sending data to the server."
1603235235084,"Sending data to the server."
1603235827807,"Sending data to the server."
1603236345746,"Sending data to the server."
1603236957486,"Sending data to the server."
1603237512128,"Sending data to the server."
1603238035409,"Sending data to the server."
1603238570775,"Sending data to the server."
1603239114765,"Sending data to the server."
1603239624925,"Sending data to the server."
1603240133565,"Sending data to the server."
1603240697885,"Sending data to the server."
1603241222704,"Sending data to the server."
1603241773966,"Sending data to the server."
1603242322846,"Sending data to the server."
1603242839645,"Sending data to the server."
1603243338457,"Sending data to the server."
1603243863326,"Sending data to the server."
1603244424124,"Sending data to the server."
1603244931166,"Sending data to the server."
1603245543734,"Sending data to the server."
1603246073485,"Sending data to the server."
1603246607645,"Sending data to the server."
1603247103009,"Sending data to the server."
1603247624445,"Sending data to the server."
1603248130285,"Sending data to the server."
1603248717645,"Sending data to the server."
1603249248604,"Sending data to the server."
1603249827568,"Sending data to the server."
1603250375805,"Sending data to the server."
1603250915405,"Sending data to the server."
1603251494526,"Sending data to the server."
1603252068765,"Sending data to the server."
1603252608044,"Sending data to the server."
1603253182446,"Sending data to the server."
1603253753009,"Sending data to the server."
1603254324125,"Sending data to the server."
1603254891009,"Sending data to the server."
1603255446285,"Sending data to the server."
1603255975725,"Sending data to the server."
1603256556525,"Sending data to the server."
1603257101565,"Sending data to the server."
1603257613170,"Sending data to the server."
1603258135645,"Sending data to the server."
1603258673405,"Sending data to the server."
1603259209805,"Sending data to the server."
1603259732205,"Sending data to the server."
1603260257165,"Sending data to the server."
1603260804605,"Sending data to the server."
1603261398365,"Sending data to the server."
1603261931805,"Sending data to the server."
1603262461204,"Sending data to the server."
1603262989405,"Sending data to the server."
1603263545645,"Sending data to the server."
1603264091405,"Sending data to the server."
1603264601965,"Sending data to the server."
1603265111008,"Sending data to the server."
1603265675245,"Sending data to the server."
1603266239085,"Sending data to the server."
1603266774445,"Sending data to the server."
1603267312685,"Sending data to the server."
1603267904685,"Sending data to the server."
1603268427416,"Sending data to the server."
1603268957805,"Sending data to the server."
1603269499805,"Sending data to the server."
1603270078365,"Sending data to the server."
1603270586285,"Sending data to the server."
1603271152445,"Sending data to the server."
1603271709245,"Sending data to the server."
1603272273165,"Sending data to the server."
1603272761485,"Sending data to the server."
1603273297485,"Sending data to the server."
1603273854605,"Sending data to the server."
1603274375245,"Sending data to the server."
1603274961009,"Sending data to the server."
1603275560605,"Sending data to the server."
1603276097405,"Sending data to the server."
1603276625325,"Sending data to the server."
1603277130926,"Sending data to the server."
1603277675405,"Sending data to the server."
1603278204605,"Sending data to the server."
1603278731485,"Sending data to the server."
1603279272685,"Sending data to the server."
1603279823566,"Sending data to the server."
1603280377405,"Sending data to the server."
1603280960045,"Sending data to the server."
1603281507086,"Sending data to the server."
1603282111568,"Sending data to the server."
1603282662206,"Sending data to the server."
1603283186768,"Sending data to the server."
1603283705809,"Sending data to the server."
1603284252365,"Sending data to the server."
1603284807886,"Sending data to the server."
1603285359009,"Sending data to the server."
1603285937009,"Sending data to the server."
1603286448128,"Sending data to the server."
1603287022287,"Sending data to the server."
1603287619965,"Sending data to the server."
1603288243965,"Sending data to the server."
1603288818046,"Sending data to the server."
1603289490685,"Sending data to the server."
1603290084180,"Sending data to the server."
1603290654205,"Sending data to the server."
1603291214685,"Sending data to the server."
1603291853485,"Sending data to the server."
1603292416287,"Sending data to the server."
1603292922617,"Sending data to the server."
1603293424445,"Sending data to the server."
1603294012527,"Sending data to the server."
1603294601086,"Sending data to the server."
1603295100933,"Sending data to the server."
1603295539807,"Sending data to the server."
1603295986941,"Sending data to the server."
1603296428764,"Sending data to the server."
1603296894307,"Sending data to the server."
1603297360125,"Sending data to the server."
1603297816697,"Sending data to the server."
1603298250953,"Sending data to the server."
1603298717896,"Sending data to the server."
1603299176803,"Sending data to the server."
1603299613736,"Sending data to the server."
1603300054773,"Sending data to the server."
1603300482372,"Sending data to the server."
1603300912290,"Sending data to the server."
1603301357664,"Sending data to the server."
1603301791347,"Sending data to the server."
1603302205342,"Sending data to the server."
1603302659886,"Sending data to the server."
1603303134280,"Sending data to the server."
1603303820452,"Sending data to the server."
1603304345558,"Sending data to the server."
1603304876640,"Sending data to the server."
1603305431166,"Sending data to the server."
1603305957013,"Sending data to the server."
1603306457565,"Sending data to the server."
1603307026205,"Sending data to the server."
1603307556258,"Sending data to the server."
1603308108450,"Sending data to the server."
1603308627426,"Sending data to the server."
1603309187325,"Sending data to the server."
1603309692367,"Sending data to the server."
1603310223009,"Sending data to the server."
1603310712686,"Sending data to the server."
1603311272768,"Sending data to the server."
1603311798294,"Sending data to the server."
1603312339805,"Sending data to the server."
1603312944925,"Sending data to the server."
1603313506045,"Sending data to the server."
1603314054054,"Sending data to the server."
1603314574769,"Sending data to the server."
1603315149404,"Sending data to the server."
1603315652533,"Sending data to the server."
1603316203179,"Sending data to the server."
1603316813485,"Sending data to the server."
1603317339581,"Sending data to the server."
1603317900139,"Sending data to the server."
1603318449808,"Sending data to the server."
1603318978365,"Sending data to the server."
1603319507245,"Sending data to the server."
1603320087205,"Sending data to the server."
1603320604526,"Sending data to the server."
1603321151491,"Sending data to the server."
1603321744964,"Sending data to the server."
1603322342130,"Sending data to the server."
1603322882925,"Sending data to the server."
1603323403565,"Sending data to the server."
1603323934791,"Sending data to the server."
1603324403090,"Sending data to the server."
1603325005414,"Sending data to the server."
1603325563566,"Sending data to the server."
1603326115886,"Sending data to the server."
1603326623570,"Sending data to the server."
1603327189885,"Sending data to the server."
1603327751326,"Sending data to the server."
1603328255583,"Sending data to the server."
1603328767536,"Sending data to the server."
1603329319616,"Sending data to the server."
1603329861010,"Sending data to the server."
1603330410783,"Sending data to the server."
1603330995405,"Sending data to the server."
1603331563092,"Sending data to the server."
1603332101885,"Sending data to the server."
1603332675653,"Sending data to the server."
1603333218285,"Sending data to the server."
1603333802685,"Sending data to the server."
1603334303806,"Sending data to the server."
1603334878045,"Sending data to the server."
1603335457245,"Sending data to the server."
1603335999325,"Sending data to the server."
1603336562964,"Sending data to the server."
1603337134225,"Sending data to the server."
1603337723921,"Sending data to the server."
1603338338545,"Sending data to the server."
1603338877439,"Sending data to the server."
1603339928684,"Sending data to the server."
1603340487509,"Sending data to the server."
1603341070949,"Sending data to the server."
1603341581427,"Sending data to the server."
1603342113250,"Sending data to the server."
1603342642547,"Sending data to the server."
1603343195507,"Sending data to the server."
1603343710129,"Sending data to the server."
1603344247645,"Sending data to the server."
1603344781572,"Sending data to the server."
1603345301424,"Sending data to the server."
1603345850311,"Sending data to the server."
1603346389645,"Sending data to the server."
1603346894525,"Sending data to the server."
1603347474845,"Sending data to the server."
1603348016125,"Sending data to the server."
1603348530845,"Sending data to the server."
1603349052690,"Sending data to the server."
1603349639332,"Sending data to the server."
1603350176220,"Sending data to the server."
1603350753331,"Sending data to the server."
1603351336932,"Sending data to the server."
1603351939892,"Sending data to the server."
1603352445649,"Sending data to the server."
1603353003245,"Sending data to the server."
1603353599569,"Sending data to the server."
1603354111244,"Sending data to the server."
1603354626205,"Sending data to the server."
1603355159085,"Sending data to the server."
1603355682209,"Sending data to the server."
1603356194129,"Sending data to the server."
1603356751085,"Sending data to the server."
1603357291485,"Sending data to the server."
1603357847885,"Sending data to the server."
1603358384366,"Sending data to the server."
1603358932205,"Sending data to the server."
1603359468365,"Sending data to the server."
1603359977491,"Sending data to the server."
1603360536765,"Sending data to the server."
1603361050685,"Sending data to the server."
1603361604205,"Sending data to the server."
1603362105977,"Sending data to the server."
1603362635504,"Sending data to the server."
1603363165565,"Sending data to the server."
1603363701965,"Sending data to the server."
1603364221964,"Sending data to the server."
1603364785966,"Sending data to the server."
1603365356526,"Sending data to the server."
1603365861085,"Sending data to the server."
1603366389565,"Sending data to the server."
1603366948690,"Sending data to the server."
1603367481885,"Sending data to the server."
1603368023965,"Sending data to the server."
1603368599504,"Sending data to the server."
1603369175892,"Sending data to the server."
1603369723244,"Sending data to the server."
1603370308871,"Sending data to the server."
1603370882446,"Sending data to the server."
1603371415328,"Sending data to the server."
1603372011405,"Sending data to the server."
1603372567331,"Sending data to the server."
1603373219732,"Sending data to the server."
1603373752724,"Sending data to the server."
1603374293204,"Sending data to the server."
1603374839965,"Sending data to the server."
1603375356969,"Sending data to the server."
1603375899748,"Sending data to the server."
1603376566865,"Sending data to the server."
1603377155245,"Sending data to the server."
1603377699325,"Sending data to the server."
1603378346130,"Sending data to the server."
1603378950368,"Sending data to the server."
1603379472047,"Sending data to the server."
1603380055815,"Sending data to the server."
1603380644939,"Sending data to the server."
1603381213900,"Sending data to the server."
1603381765965,"Sending data to the server."
1603382308962,"Sending data to the server."
1603382840607,"Sending data to the server."
1603383339327,"Sending data to the server."
1603383892471,"Sending data to the server."
1603384424929,"Sending data to the server."
1603384963887,"Sending data to the server."
1603385533182,"Sending data to the server."
1603386038365,"Sending data to the server."
1603386582125,"Sending data to the server."
1603387164687,"Sending data to the server."
1603387684215,"Sending data to the server."
1603388232852,"Sending data to the server."
1603388758460,"Sending data to the server."
1603389409163,"Sending data to the server."
1603389965966,"Sending data to the server."
1603390532845,"Sending data to the server."
1603391080450,"Sending data to the server."
1603391675810,"Sending data to the server."
1603392291898,"Sending data to the server."
1603392911898,"Sending data to the server."
1603393540605,"Sending data to the server."
1603394093632,"Sending data to the server."
1603394688546,"Sending data to the server."
1603395203261,"Sending data to the server."
1603401871093,"Sending data to the server."
1603402389923,"Sending data to the server."
1603402928205,"Sending data to the server."
1603403442853,"Sending data to the server."
1603403998765,"Sending data to the server."
1603404590607,"Sending data to the server."
1603405121485,"Sending data to the server."
1603405679009,"Sending data to the server."
1603406257808,"Sending data to the server."
1603406790047,"Sending data to the server."
1603407396608,"Sending data to the server."
1603408038365,"Sending data to the server."
1603408611010,"Sending data to the server."
1603409178863,"Sending data to the server."
1603409737132,"Sending data to the server."
1603410308739,"Sending data to the server."
1603410887009,"Sending data to the server."
1603411384382,"Sending data to the server."
1603411940765,"Sending data to the server."
1603412496847,"Sending data to the server."
1603413042445,"Sending data to the server."
1603413637179,"Sending data to the server."
1603414144685,"Sending data to the server."